ZIP_CODE,ZIP_TYPE,PREFERRED_CITY,ACCEPTABLE_CITY1,ACCEPTABLE_CITY2,ACCEPTABLE_CITY3,AVOID_CITY1,AVOID_CITY2,AVOID_CITY3,CENSUS_ZCTA,ObjectId
97467,STANDARD,REEDSPORT,WIN BAY,WINCHESTER BAY,WINCHESTR BAY,,,,97467,1
97469,STANDARD,RIDDLE,,,,,,,97469,2
97470,STANDARD,ROSEBURG,,,,RSBG,,,97470,3
97471,STANDARD,ROSEBURG,,,,,,,97471,4
97473,STANDARD,SCOTTSBURG,,,,GREENACRES,MURPHYS CAMP,,97473,5
97475,PO BOX ONLY,SPRINGFIELD,,,,,,,NO ZCTA,6
97476,STANDARD,SIXES,,,,,,,97476,7
97477,STANDARD,SPRINGFIELD,,,,SPFD,SPFLD,,97477,8
97478,STANDARD,SPRINGFIELD,,,,,,,97478,9
97479,STANDARD,SUTHERLIN,,,,,,,97479,10
97480,STANDARD,SWISSHOME,,,,,,,97480,11
97481,STANDARD,TENMILE,,,,,,,97481,12
97484,STANDARD,TILLER,,,,,,,97484,13
97486,STANDARD,UMPQUA,,,,,,,97486,14
97487,STANDARD,VENETA,,,,VAUGHN,,,97487,15
97488,STANDARD,VIDA,,,,FINN ROCK,,,97488,16
97489,STANDARD,WALTERVILLE,LEABURG,,,,,,97489,17
97490,STANDARD,WALTON,,,,,,,97490,18
97491,PO BOX ONLY,WEDDERBURN,,,,,,,NO ZCTA,19
97492,STANDARD,WESTFIR,,,,,,,97492,20
97493,STANDARD,WESTLAKE,,,,,,,97493,21
97494,PO BOX ONLY,WILBUR,,,,,,,97494,22
97495,STANDARD,WINCHESTER,,,,,,,97495,23
97496,STANDARD,WINSTON,,,,CAMAS VALLEY,,,97496,24
97497,STANDARD,WOLF CREEK,,,,SUNNYVALLEY,,,97497,25
97498,STANDARD,YACHATS,,,,,,,97498,26
97499,STANDARD,YONCALLA,,,,,,,97499,27
97501,STANDARD,MEDFORD,,,,,,,97501,28
97502,STANDARD,CENTRAL POINT,MEDFORD,,,,,,97502,29
97503,STANDARD,WHITE CITY,MEDFORD,,,,,,97503,30
97504,STANDARD,MEDFORD,,,,,,,97504,31
97520,STANDARD,ASHLAND,,,,,,,97520,32
97522,STANDARD,BUTTE FALLS,,,,,,,97522,33
97523,STANDARD,CAVE JUNCTION,,,,,,,97523,34
97524,STANDARD,EAGLE POINT,,,,,,,97524,35
97525,STANDARD,GOLD HILL,,,,,,,97525,36
97526,STANDARD,GRANTS PASS,,,,HUGO,,,97526,37
97527,STANDARD,GRANTS PASS,,,,,,,97527,38
97528,PO BOX ONLY,GRANTS PASS,,,,,,,NO ZCTA,39
97530,STANDARD,JACKSONVILLE,APPLEGATE,,,,,,97530,40
97531,STANDARD,KERBY,CAVE JUNCTION,,,,,,97531,41
97532,STANDARD,MERLIN,,,,,,,97532,42
97533,PO BOX ONLY,MURPHY,,,,,,,NO ZCTA,43
97534,STANDARD,O BRIEN,,,,,,,97534,44
97535,STANDARD,PHOENIX,,,,,,,97535,45
97536,STANDARD,PROSPECT,,,,,,,97536,46
97537,STANDARD,ROGUE RIVER,,,,,,,97537,47
97538,STANDARD,SELMA,,,,,,,97538,48
97539,STANDARD,SHADY COVE,,,,,,,97539,49
97540,STANDARD,TALENT,,,,,,,97540,50
97001,PO BOX ONLY,ANTELOPE,,,,CLARNO,,,97001,51
97002,STANDARD,AURORA,,,,BUTTEVILLE,,,97002,52
97003,STANDARD,BEAVERTON,ALOHA,HILLSBORO,,,,,97003,53
97004,STANDARD,BEAVERCREEK,,,,,,,97004,54
97005,STANDARD,BEAVERTON,,,,PROGRESS,,,97005,55
97006,STANDARD,BEAVERTON,ALOHA,HILLSBORO,,,,,97006,56
97007,STANDARD,BEAVERTON,ALOHA,,,,,,97007,57
97008,STANDARD,BEAVERTON,,,,,,,97008,58
97009,STANDARD,BORING,DAMASCUS,,,,,,97009,59
97010,PO BOX ONLY,BRIDAL VEIL,,,,,,,NO ZCTA,60
97011,STANDARD,BRIGHTWOOD,,,,,,,97011,61
97013,STANDARD,CANBY,,,,BARLOW,,,97013,62
97014,STANDARD,CASCADE LOCKS,,,,DODSON,,,97014,63
97015,STANDARD,CLACKAMAS,DAMASCUS,HAPPY VALLEY,,CARVER,,,97015,64
97016,STANDARD,CLATSKANIE,BIRKENFELD,WESTPORT,,MIST,,,97016,65
97017,STANDARD,COLTON,,,,,,,97017,66
97018,STANDARD,COLUMBIA CITY,,,,,,,97018,67
97019,STANDARD,CORBETT,,,,,,,97019,68
97020,STANDARD,DONALD,,,,,,,97020,69
97021,STANDARD,DUFUR,FRIEND,,,,,,97021,70
97022,STANDARD,EAGLE CREEK,,,,DOVER,,,97022,71
97023,STANDARD,ESTACADA,,,,,,,97023,72
97024,STANDARD,FAIRVIEW,,,,INTERLACHEN,WOOD VILLAGE,,97024,73
97026,STANDARD,GERVAIS,,,,SAINT LOUIS,,,97026,74
97027,STANDARD,GLADSTONE,,,,,,,97027,75
97028,STANDARD,GOVERNMENT CAMP,GOVERNMENT CP,TIMBERLINE LODGE,TIMBRLINE LDG,,,,97028,76
97029,STANDARD,GRASS VALLEY,,,,,,,97029,77
97030,STANDARD,GRESHAM,,,,DAMASCUS,,,97030,78
97031,STANDARD,HOOD RIVER,,,,,,,97031,79
97032,STANDARD,HUBBARD,,,,,,,97032,80
97033,PO BOX ONLY,KENT,,,,,,,97033,81
97034,STANDARD,LAKE OSWEGO,,,,LAKE GROVE,OSWEGO,,97034,82
97035,STANDARD,LAKE OSWEGO,LAKE GROVE,,,MOUNTAIN PARK,RIVERGROVE,,97035,83
97036,PO BOX ONLY,MARYLHURST,,,,,,,NO ZCTA,84
97037,STANDARD,MAUPIN,,,,PINE GROVE,,,97037,85
97038,STANDARD,MOLALLA,,,,LIBERAL,,,97038,86
97039,STANDARD,MORO,,,,,,,97039,87
97040,STANDARD,MOSIER,,,,,,,97040,88
97041,STANDARD,MOUNT HOOD PARKDALE,MT HOOD PRKDL,,,MOUNT HOOD,MT HOOD,PARKDALE,97041,89
97042,STANDARD,MULINO,,,,,,,97042,90
97044,PO BOX ONLY,ODELL,,,,,,,NO ZCTA,91
97045,STANDARD,OREGON CITY,,,,REDLAND,,,97045,92
97048,STANDARD,RAINIER,PRESCOTT,,,,,,97048,93
97049,STANDARD,RHODODENDRON,ZIGZAG,,,,,,97049,94
97050,PO BOX ONLY,RUFUS,,,,,,,97050,95
97051,STANDARD,SAINT HELENS,,,,ST HELENS,,,97051,96
97053,STANDARD,WARREN,,,,,,,97053,97
97054,STANDARD,DEER ISLAND,,,,,,,97054,98
97055,STANDARD,SANDY,,,,,,,97055,99
97056,STANDARD,SCAPPOOSE,,,,,,,97056,100
97136,STANDARD,ROCKAWAY BEACH,ROCKAWAY,ROCKAWAY BCH,,BRIGHTON,MANHATTAN BEACH,TWIN ROCKS,97136,101
97137,STANDARD,SAINT PAUL,,,,ST PAUL,,,97137,102
97138,STANDARD,SEASIDE,GEARHART,,,ELSIE,JEWELL,,97138,103
97140,STANDARD,SHERWOOD,,,,,,,97140,104
97141,STANDARD,TILLAMOOK,,,,CAPE MEARES,LEES CAMP,,97141,105
97143,PO BOX ONLY,NETARTS,NETARTS BAY,,,,,,NO ZCTA,106
97144,STANDARD,TIMBER,,,,,,,97144,107
97145,PO BOX ONLY,TOLOVANA PARK,,,,,,,97145,108
97146,STANDARD,WARRENTON,,,,,,,97146,109
97147,PO BOX ONLY,WHEELER,,,,,,,97147,110
97148,STANDARD,YAMHILL,,,,,,,97148,111
97149,STANDARD,NESKOWIN,,,,,,,97149,112
97201,STANDARD,PORTLAND,,,,,,,97201,113
97202,STANDARD,PORTLAND,,,,,,,97202,114
97203,STANDARD,PORTLAND,,,,,,,97203,115
97204,STANDARD,PORTLAND,,,,,,,97204,116
97205,STANDARD,PORTLAND,,,,,,,97205,117
97206,STANDARD,PORTLAND,,,,,,,97206,118
97207,PO BOX ONLY,PORTLAND,,,,,,,NO ZCTA,119
97208,PO BOX ONLY,PORTLAND,,,,,,,97208,120
97209,STANDARD,PORTLAND,,,,,,,97209,121
97210,STANDARD,PORTLAND,,,,,,,97210,122
97211,STANDARD,PORTLAND,,,,,,,97211,123
97212,STANDARD,PORTLAND,,,,,,,97212,124
97213,STANDARD,PORTLAND,,,,,,,97213,125
97214,STANDARD,PORTLAND,,,,,,,97214,126
97215,STANDARD,PORTLAND,,,,,,,97215,127
97216,STANDARD,PORTLAND,,,,,,,97216,128
97217,STANDARD,PORTLAND,,,,,,,97217,129
97218,STANDARD,PORTLAND,,,,,,,97218,130
97219,STANDARD,PORTLAND,,,,,,,97219,131
97220,STANDARD,PORTLAND,,,,MAYWOOD PARK,MAYWOOD PK,PARKROSE,97220,132
97221,STANDARD,PORTLAND,,,,,,,97221,133
97222,STANDARD,PORTLAND,MILWAUKIE,OAK GROVE,,,,,97222,134
97223,STANDARD,PORTLAND,TIGARD,,,,,,97223,135
97224,STANDARD,PORTLAND,KING CITY,TIGARD,,DURHAM,,,97224,136
97225,STANDARD,PORTLAND,,,,WEST SLOPE,,,97225,137
97227,STANDARD,PORTLAND,,,,,,,97227,138
97228,PO BOX ONLY,PORTLAND,,,,,,,NO ZCTA,139
97229,STANDARD,PORTLAND,,,,CEDAR MILL,FOREST HEIGHTS,ROCK CREEK,97229,140
97230,STANDARD,PORTLAND,,,,PARKROSE,,,97230,141
97231,STANDARD,PORTLAND,,,,BURLINGTON,,,97231,142
97342,PO BOX ONLY,DETROIT,,,,,,,97342,143
97232,STANDARD,PORTLAND,,,,,,,97232,144
97233,STANDARD,PORTLAND,,,,ROCKWOOD,,,97233,145
97236,STANDARD,PORTLAND,,,,,,,97236,146
97238,PO BOX ONLY,PORTLAND,,,,,,,NO ZCTA,147
97239,STANDARD,PORTLAND,,,,,,,97239,148
97240,PO BOX ONLY,PORTLAND,,,,,,,NO ZCTA,149
97242,PO BOX ONLY,PORTLAND,,,,,,,NO ZCTA,150
97250,UNIQUE,PORTLAND,,,,SHARED RESHIPPER,,,NO ZCTA,151
97251,UNIQUE,PORTLAND,,,,ADAIR VILLAGE,SHARED RESHIPPER,,NO ZCTA,152
97343,STANDARD,EDDYVILLE,,,,,,,97343,153
97252,UNIQUE,PORTLAND,,,,SHARED RESHIPPER,,,NO ZCTA,154
97344,STANDARD,FALLS CITY,,,,,,,97344,155
97345,STANDARD,FOSTER,,,,,,,97345,156
97253,UNIQUE,PORTLAND,,,,SHARED RESHIPPER,,,NO ZCTA,157
97346,STANDARD,GATES,,,,,,,97346,158
97254,UNIQUE,PORTLAND,,,,SHARED RESHIPPER,,,NO ZCTA,159
97256,UNIQUE,PORTLAND,,,,PACIFIC POWER,PACIFICORP,,NO ZCTA,160
97266,STANDARD,PORTLAND,,,,,,,97266,161
97347,STANDARD,GRAND RONDE,,,,,,,97347,162
97267,STANDARD,PORTLAND,MILWAUKIE,OAK GROVE,,,,,97267,163
97348,STANDARD,HALSEY,,,,,,,97348,164
97268,PO BOX ONLY,PORTLAND,OAK GROVE,,,,,,NO ZCTA,165
97350,STANDARD,IDANHA,,,,,,,97350,166
97269,PO BOX ONLY,PORTLAND,MILWAUKIE,,,,,,NO ZCTA,167
97351,STANDARD,INDEPENDENCE,,,,,,,97351,168
97280,PO BOX ONLY,PORTLAND,,,,,,,NO ZCTA,169
97352,STANDARD,JEFFERSON,,,,,,,97352,170
97281,PO BOX ONLY,PORTLAND,TIGARD,,,,,,NO ZCTA,171
97355,STANDARD,LEBANON,,,,,,,97355,172
97282,PO BOX ONLY,PORTLAND,,,,,,,NO ZCTA,173
97357,STANDARD,LOGSDEN,,,,,,,97357,174
97283,PO BOX ONLY,PORTLAND,,,,,,,NO ZCTA,175
97358,STANDARD,LYONS,,,,,,,97358,176
97286,PO BOX ONLY,PORTLAND,,,,,,,NO ZCTA,177
97360,STANDARD,MILL CITY,,,,,,,97360,178
97290,PO BOX ONLY,PORTLAND,,,,,,,NO ZCTA,179
97361,STANDARD,MONMOUTH,,,,,,,97361,180
97291,PO BOX ONLY,PORTLAND,,,,CEDAR MILL,,,NO ZCTA,181
97362,STANDARD,MOUNT ANGEL,,,,,,,97362,182
97292,PO BOX ONLY,PORTLAND,,,,,,,NO ZCTA,183
97364,STANDARD,NEOTSU,,,,,,,97364,184
97293,PO BOX ONLY,PORTLAND,,,,,,,NO ZCTA,185
97365,STANDARD,NEWPORT,,,,AGATE BEACH,,,97365,186
97294,PO BOX ONLY,PORTLAND,,,,,,,NO ZCTA,187
97366,STANDARD,SOUTH BEACH,NEWPORT,,,,,,97366,188
97296,PO BOX ONLY,PORTLAND,,,,,,,NO ZCTA,189
97367,STANDARD,LINCOLN CITY,ROSE LODGE,,,,,,97367,190
97298,PO BOX ONLY,PORTLAND,,,,,,,NO ZCTA,191
97368,STANDARD,OTIS,,,,,,,97368,192
97301,STANDARD,SALEM,,,,,,,97301,193
97369,STANDARD,OTTER ROCK,,,,,,,97369,194
97302,STANDARD,SALEM,,,,,,,97302,195
97370,STANDARD,PHILOMATH,,,,,,,97370,196
97303,STANDARD,SALEM,KEIZER,,,,,,97303,197
97371,STANDARD,RICKREALL,,,,,,,97371,198
97304,STANDARD,SALEM,,,,,,,97304,199
97373,PO BOX ONLY,SAINT BENEDICT,ST BENEDICT,,,,,,97373,200
97305,STANDARD,SALEM,BROOKS,,,,,,97305,201
97374,STANDARD,SCIO,,,,,,,97374,202
97306,STANDARD,SALEM,,,,,,,97306,203
97375,STANDARD,SCOTTS MILLS,,,,,,,97375,204
97307,PO BOX ONLY,KEIZER,SALEM,,,,,,NO ZCTA,205
97376,STANDARD,SEAL ROCK,,,,,,,97376,206
97308,PO BOX ONLY,SALEM,,,,,,,NO ZCTA,207
97377,STANDARD,SHEDD,,,,,,,97377,208
97309,PO BOX ONLY,SALEM,,,,,,,NO ZCTA,209
97378,STANDARD,SHERIDAN,,,,,,,97378,210
97310,UNIQUE,SALEM,,,,STATE GOVERNMENT,,,97310,211
97380,STANDARD,SILETZ,,,,,,,97380,212
97311,UNIQUE,SALEM,,,,DEPT EMPLOYMENT,,,NO ZCTA,213
97381,STANDARD,SILVERTON,,,,,,,97381,214
97312,UNIQUE,SALEM,,,,STATE ACCIDENT INS,,,NO ZCTA,215
97383,STANDARD,STAYTON,,,,,,,97383,216
97384,PO BOX ONLY,MEHAMA,,,,,,,97384,217
97385,STANDARD,SUBLIMITY,,,,,,,97385,218
97386,STANDARD,SWEET HOME,,,,,,,97386,219
97388,PO BOX ONLY,GLENEDEN BEACH,GLENEDEN BCH,,,,,,97388,220
97389,STANDARD,TANGENT,,,,,,,97389,221
97390,STANDARD,TIDEWATER,,,,,,,97390,222
97391,STANDARD,TOLEDO,,,,,,,97391,223
97392,STANDARD,TURNER,MARION,,,,,,97392,224
97394,STANDARD,WALDPORT,,,,,,,97394,225
97396,STANDARD,WILLAMINA,,,,,,,97396,226
97401,STANDARD,EUGENE,,,,CROW,,,97401,227
97402,STANDARD,EUGENE,,,,,,,97402,228
97403,STANDARD,EUGENE,,,,EMU U OF OR,,,97403,229
97404,STANDARD,EUGENE,,,,SANTA CLARA,,,97404,230
97405,STANDARD,EUGENE,,,,PLEASANT HILL,,,97405,231
97406,STANDARD,AGNESS,,,,,,,97406,232
97407,PO BOX ONLY,ALLEGANY,,,,,,,NO ZCTA,233
97314,UNIQUE,SALEM,,,,DEPT MOTOR VEHICLE,,,NO ZCTA,234
97317,STANDARD,SALEM,,,,,,,97317,235
97321,STANDARD,ALBANY,MILLERSBURG,,,,,,97321,236
97322,STANDARD,ALBANY,,,,,,,97322,237
97324,STANDARD,ALSEA,,,,,,,97324,238
97325,STANDARD,AUMSVILLE,WEST STAYTON,,,,,,97325,239
97326,STANDARD,BLODGETT,,,,,,,97326,240
97327,STANDARD,BROWNSVILLE,,,,,,,97327,241
97329,STANDARD,CASCADIA,,,,,,,97329,242
97330,STANDARD,CORVALLIS,ADAIR VILLAGE,,,,,,97330,243
97331,STANDARD,CORVALLIS,,,,OREGON STATE UNIV,,,97331,244
97333,STANDARD,CORVALLIS,,,,,,,97333,245
97335,PO BOX ONLY,CRABTREE,,,,,,,97335,246
97336,PO BOX ONLY,CRAWFORDSVILLE,CRAWFORDSVLLE,,,,,,97336,247
97338,STANDARD,DALLAS,,,,,,,97338,248
97339,PO BOX ONLY,CORVALLIS,,,,,,,NO ZCTA,249
97341,STANDARD,DEPOE BAY,,,,,,,97341,250
97408,STANDARD,EUGENE,COBURG,,,,,,97408,251
97409,PO BOX ONLY,ALVADORE,,,,,,,NO ZCTA,252
97410,STANDARD,AZALEA,,,,,,,97410,253
97411,STANDARD,BANDON,,,,,,,97411,254
97412,STANDARD,BLACHLY,EUGENE,,,TRIANGLE LAKE,,,97412,255
97413,STANDARD,BLUE RIVER,CKENZIE BRIDGE,MC KENZIE BRG,MCKENZIE BRIDGE,,,,97413,256
97414,STANDARD,BROADBENT,,,,,,,97414,257
97415,STANDARD,BROOKINGS,HARBOR,,,,,,97415,258
97416,STANDARD,CAMAS VALLEY,,,,,,,97416,259
97417,STANDARD,CANYONVILLE,,,,,,,97417,260
97419,STANDARD,CHESHIRE,,,,,,,97419,261
97420,STANDARD,COOS BAY,CHARLESTON,,,COOS HEAD NAVAL FACILITY,EASTSIDE,,97420,262
97423,STANDARD,COQUILLE,,,,,,,97423,263
97424,STANDARD,COTTAGE GROVE,CURTIN,SAGINAW,,WALDEN,,,97424,264
97426,STANDARD,CRESWELL,,,,WALKER,,,97426,265
97429,STANDARD,DAYS CREEK,,,,,,,97429,266
97430,STANDARD,DEADWOOD,GREENLEAF,,,,,,97430,267
97431,STANDARD,DEXTER,,,,,,,97431,268
97432,PO BOX ONLY,DILLARD,,,,,,,97432,269
97434,STANDARD,DORENA,CULP CREEK,,,,,,97434,270
97435,STANDARD,DRAIN,,,,,,,97435,271
97436,STANDARD,ELKTON,,,,,,,97436,272
97437,STANDARD,ELMIRA,,,,,,,97437,273
97438,STANDARD,FALL CREEK,JASPER,,,,,,97438,274
97439,STANDARD,FLORENCE,DUNES CITY,,,,,,97439,275
97440,PO BOX ONLY,EUGENE,,,,,,,NO ZCTA,276
97441,STANDARD,GARDINER,,,,,,,97441,277
97442,STANDARD,GLENDALE,,,,,,,97442,278
97443,STANDARD,GLIDE,,,,,,,97443,279
97444,STANDARD,GOLD BEACH,,,,,,,97444,280
97446,STANDARD,HARRISBURG,,,,,,,97446,281
97447,STANDARD,IDLEYLD PARK,,,,,,,97447,282
97448,STANDARD,JUNCTION CITY,,,,,,,97448,283
97449,STANDARD,LAKESIDE,,,,,,,97449,284
97450,STANDARD,LANGLOIS,,,,,,,97450,285
97451,STANDARD,LORANE,,,,ROGUE ELK,,,97451,286
97452,STANDARD,LOWELL,,,,,,,97452,287
97453,STANDARD,MAPLETON,,,,,,,97453,288
97454,STANDARD,MARCOLA,,,,,,,97454,289
97455,STANDARD,PLEASANT HILL,EUGENE,,,P HILL,,,97455,290
97456,STANDARD,MONROE,,,,ALPINE,,,97456,291
97457,STANDARD,MYRTLE CREEK,,,,,,,97457,292
97458,STANDARD,MYRTLE POINT,NORWAY,REMOTE,,,,,97458,293
97459,STANDARD,NORTH BEND,,,,,,,97459,294
97461,STANDARD,NOTI,,,,,,,97461,295
97462,STANDARD,OAKLAND,,,,,,,97462,296
97463,STANDARD,OAKRIDGE,,,,,,,97463,297
97464,PO BOX ONLY,OPHIR,,,,,,,NO ZCTA,298
97465,STANDARD,PORT ORFORD,,,,,,,97465,299
97466,STANDARD,POWERS,,,,,,,97466,300
97541,STANDARD,TRAIL,,,,,,,97541,301
97543,STANDARD,WILDERVILLE,GRANTS PASS,,,,,,97543,302
97544,STANDARD,WILLIAMS,,,,,,,97544,303
97601,STANDARD,KLAMATH FALLS,ORETECH,,,KFALLS,KINGSLEY FIELD,WORDEN,97601,304
97602,PO BOX ONLY,KLAMATH FALLS,,,,,,,NO ZCTA,305
97603,STANDARD,KLAMATH FALLS,,,,,,,97603,306
97604,PO BOX ONLY,CRATER LAKE,,,,,,,97604,307
97620,PO BOX ONLY,ADEL,,,,,,,97620,308
97621,STANDARD,BEATTY,,,,,,,97621,309
97622,PO BOX ONLY,BLY,,,,,,,97622,310
97623,STANDARD,BONANZA,,,,,,,97623,311
97624,STANDARD,CHILOQUIN,,,,,,,97624,312
97625,STANDARD,DAIRY,KLAMATH FALLS,,,,,,97625,313
97626,PO BOX ONLY,FORT KLAMATH,,,,,,,97626,314
97627,STANDARD,KENO,,,,,,,97627,315
97630,STANDARD,LAKEVIEW,,,,,,,97630,316
97632,STANDARD,MALIN,,,,,,,97632,317
97633,STANDARD,MERRILL,,,,,,,97633,318
97634,PO BOX ONLY,MIDLAND,,,,,,,97634,319
97635,STANDARD,NEW PINE CREEK,NEW PINE CRK,,,,,,97635,320
97636,STANDARD,PAISLEY,,,,,,,97636,321
97637,STANDARD,PLUSH,,,,,,,97637,322
97638,STANDARD,SILVER LAKE,,,,,,,97638,323
97639,STANDARD,SPRAGUE RIVER,CHILOQUIN,,,,,,97639,324
97640,STANDARD,SUMMER LAKE,,,,,,,97640,325
97641,PO BOX ONLY,CHRISTMAS VALLEY,CHRISTMAS VLY,,,,,,97641,326
97701,STANDARD,BEND,,,,,,,97701,327
97702,STANDARD,BEND,,,,,,,97702,328
97703,STANDARD,BEND,,,,,,,97703,329
97707,STANDARD,BEND,SUNRIVER,,,,,,97707,330
97708,PO BOX ONLY,BEND,,,,,,,NO ZCTA,331
97709,PO BOX ONLY,BEND,,,,,,,97709,332
97710,STANDARD,FIELDS,,,,,,,97710,333
97711,STANDARD,ASHWOOD,,,,,,,97711,334
97712,STANDARD,BROTHERS,,,,,,,97712,335
97720,STANDARD,BURNS,LAWEN,,,,,,97720,336
97721,STANDARD,PRINCETON,,,,,,,97721,337
97722,STANDARD,DIAMOND,,,,,,,97722,338
97730,STANDARD,CAMP SHERMAN,,,,,,,97730,339
97731,STANDARD,CHEMULT,DIAMOND LAKE,,,,,,97731,340
97732,PO BOX ONLY,CRANE,,,,,,,97732,341
97733,STANDARD,CRESCENT,CRESCENT LAKE,,,,,,97733,342
97734,STANDARD,CULVER,,,,,,,97734,343
97735,PO BOX ONLY,FORT ROCK,,,,,,,97735,344
97736,STANDARD,FRENCHGLEN,,,,,,,97736,345
97737,STANDARD,GILCHRIST,,,,,,,97737,346
97738,STANDARD,HINES,,,,,,,97738,347
97739,STANDARD,LA PINE,,,,E LAKE,EAST LAKE,,97739,348
97741,STANDARD,MADRAS,METOLIUS,,,,,,97741,349
97750,STANDARD,MITCHELL,,,,,,,97750,350
97057,PO BOX ONLY,SHANIKO,,,,,,,97057,351
97058,STANDARD,THE DALLES,,,,CELILO,ROWENA,,97058,352
97060,STANDARD,TROUTDALE,WOOD VILLAGE,,,SPRINGDALE,,,97060,353
97062,STANDARD,TUALATIN,,,,,,,97062,354
97063,STANDARD,TYGH VALLEY,WAMIC,,,,,,97063,355
97064,STANDARD,VERNONIA,,,,,,,97064,356
97065,STANDARD,WASCO,,,,BIGGS,BIGGS JUNCTION,,97065,357
97067,STANDARD,WELCHES,,,,WEMME,,,97067,358
97068,STANDARD,WEST LINN,,,,W LINN,WANKERS CORNERS,WILLAMETTE,97068,359
97070,STANDARD,WILSONVILLE,,,,CHARBONNEAU,,,97070,360
97071,STANDARD,WOODBURN,,,,MONITOR,,,97071,361
97075,PO BOX ONLY,BEAVERTON,,,,,,,NO ZCTA,362
97076,PO BOX ONLY,BEAVERTON,,,,,,,NO ZCTA,363
97077,UNIQUE,BEAVERTON,,,,TEKTRONIX,,,NO ZCTA,364
97078,STANDARD,BEAVERTON,ALOHA,,,,,,97078,365
97079,UNIQUE,BEAVERTON,,,,SHARED RESHIPPER,,,NO ZCTA,366
97080,STANDARD,GRESHAM,,,,DAMASCUS,,,97080,367
97086,STANDARD,HAPPY VALLEY,CLACKAMAS,PORTLAND,,,,,97086,368
97089,STANDARD,DAMASCUS,BORING,,,HAPPY VALLEY,,,97089,369
97101,STANDARD,AMITY,,,,,,,97101,370
97102,STANDARD,ARCH CAPE,,,,,,,97102,371
97103,STANDARD,ASTORIA,,,,TONGUE POINT,,,97103,372
97106,STANDARD,BANKS,,,,,,,97106,373
97107,STANDARD,BAY CITY,,,,,,,97107,374
97108,STANDARD,BEAVER,,,,,,,97108,375
97109,STANDARD,BUXTON,BANKS,,,,,,97109,376
97110,PO BOX ONLY,CANNON BEACH,,,,,,,97110,377
97111,STANDARD,CARLTON,,,,,,,97111,378
97112,STANDARD,CLOVERDALE,BEAVER,,,,,,97112,379
97113,STANDARD,CORNELIUS,,,,,,,97113,380
97114,STANDARD,DAYTON,,,,GRAND ISLAND,,,97114,381
97115,STANDARD,DUNDEE,,,,,,,97115,382
97116,STANDARD,FOREST GROVE,GLENWOOD,,,VERBOORT,,,97116,383
97117,STANDARD,GALES CREEK,,,,,,,97117,384
97118,PO BOX ONLY,GARIBALDI,,,,,,,97118,385
97119,STANDARD,GASTON,,,,,,,97119,386
97121,STANDARD,HAMMOND,,,,,,,97121,387
97122,STANDARD,HEBO,,,,,,,97122,388
97123,STANDARD,HILLSBORO,CORNELIUS,,,ORENCO,SCHOLLS,,97123,389
97124,STANDARD,HILLSBORO,CORNELIUS,,,HELVETIA,ORENCO,WEST UNION,97124,390
97125,STANDARD,MANNING,BANKS,,,,,,97125,391
97127,STANDARD,LAFAYETTE,,,,,,,97127,392
97128,STANDARD,MCMINNVILLE,,,,,,,97128,393
97129,UNIQUE,HILLSBORO,,,,SHARED RESHIPPER,,,NO ZCTA,394
97130,PO BOX ONLY,MANZANITA,,,,,,,97130,395
97131,STANDARD,NEHALEM,,,,MOHLER,NEAHKAHNIE,,97131,396
97132,STANDARD,NEWBERG,,,,,,,97132,397
97133,STANDARD,NORTH PLAINS,,,,,,,97133,398
97134,PO BOX ONLY,OCEANSIDE,,,,,,,97134,399
97135,PO BOX ONLY,PACIFIC CITY,,,,,,,97135,400
97751,STANDARD,PAULINA,,,,,,,97751,401
97752,STANDARD,POST,,,,,,,97752,402
97753,STANDARD,POWELL BUTTE,,,,,,,97753,403
97754,STANDARD,PRINEVILLE,,,,,,,97754,404
97756,STANDARD,REDMOND,,,,EAGLE CREST,,,97756,405
97758,STANDARD,RILEY,,,,,,,97758,406
97759,STANDARD,SISTERS,,,,BLACK BUTTE RANCH,BLK BTTE RNCH,TOLLGATE,97759,407
97760,STANDARD,TERREBONNE,CRKD RVR RNCH,CROOKED RIVER,CROOKED RIVER RANCH,,,,97760,408
97761,PO BOX ONLY,WARM SPRINGS,,,,KAH NEE TA,KAHNEETA,,97761,409
97801,STANDARD,PENDLETON,CAYUSE,,,,,,97801,410
97810,STANDARD,ADAMS,,,,,,,97810,411
97812,STANDARD,ARLINGTON,,,,,,,97812,412
97813,STANDARD,ATHENA,,,,,,,97813,413
97814,STANDARD,BAKER CITY,MEDICAL SPGS,MEDICAL SPRINGS,,,,,97814,414
97817,STANDARD,BATES,,,,,,,97817,415
97818,STANDARD,BOARDMAN,,,,,,,97818,416
97819,STANDARD,BRIDGEPORT,,,,,,,97819,417
97820,STANDARD,CANYON CITY,,,,,,,97820,418
97823,STANDARD,CONDON,LONEROCK,,,,,,97823,419
97824,STANDARD,COVE,,,,,,,97824,420
97825,STANDARD,DAYVILLE,,,,,,,97825,421
97826,STANDARD,ECHO,,,,,,,97826,422
97827,STANDARD,ELGIN,,,,,,,97827,423
97828,STANDARD,ENTERPRISE,,,,,,,97828,424
97830,STANDARD,FOSSIL,KINZUA,MAYVILLE,,,,,97830,425
97833,STANDARD,HAINES,,,,,,,97833,426
97834,STANDARD,HALFWAY,,,,,,,97834,427
97835,STANDARD,HELIX,,,,,,,97835,428
97836,STANDARD,HEPPNER,,,,,,,97836,429
97837,STANDARD,HEREFORD,,,,,,,97837,430
97838,STANDARD,HERMISTON,,,,,,,97838,431
97839,STANDARD,LEXINGTON,,,,,,,97839,432
97840,STANDARD,OXBOW,,,,,,,97840,433
97841,STANDARD,IMBLER,,,,,,,97841,434
97842,STANDARD,IMNAHA,,,,,,,97842,435
97843,STANDARD,IONE,,,,,,,97843,436
97844,STANDARD,IRRIGON,,,,,,,97844,437
97845,STANDARD,JOHN DAY,,,,,,,97845,438
97846,STANDARD,JOSEPH,,,,,,,97846,439
97848,STANDARD,KIMBERLY,,,,,,,97848,440
97850,STANDARD,LA GRANDE,ISLAND CITY,,,,,,97850,441
97856,STANDARD,LONG CREEK,FOX,RITTER,,,,,97856,442
97857,STANDARD,LOSTINE,,,,,,,97857,443
97859,PO BOX ONLY,MEACHAM,,,,,,,97859,444
97861,STANDARD,MIKKALO,ARLINGTON,,,,,,NO ZCTA,445
97862,STANDARD,MILTON FREEWATER,MILTON FRWTR,,,,,,97862,446
97864,STANDARD,MONUMENT,,,,,,,97864,447
97865,STANDARD,MOUNT VERNON,,,,MT VERNON,,,97865,448
97867,STANDARD,NORTH POWDER,,,,N POWDER,,,97867,449
97868,STANDARD,PILOT ROCK,,,,,,,97868,450
97869,STANDARD,PRAIRIE CITY,,,,,,,97869,451
97870,STANDARD,RICHLAND,,,,,,,97870,452
97873,STANDARD,SENECA,,,,,,,97873,453
97874,STANDARD,SPRAY,,,,,,,97874,454
97875,STANDARD,STANFIELD,,,,,,,97875,455
97876,STANDARD,SUMMERVILLE,,,,,,,97876,456
97877,STANDARD,SUMPTER,GRANITE,GREENHORN,,,,,97877,457
97880,PO BOX ONLY,UKIAH,DALE,,,,,,97880,458
97882,STANDARD,UMATILLA,MCNARY,,,,,,97882,459
97883,STANDARD,UNION,,,,,,,97883,460
97884,STANDARD,UNITY,,,,,,,97884,461
97885,STANDARD,WALLOWA,,,,,,,97885,462
97886,STANDARD,WESTON,,,,,,,97886,463
97901,STANDARD,ADRIAN,,,,,,,97901,464
97902,PO BOX ONLY,AROCK,,,,,,,97902,465
97903,STANDARD,BROGAN,,,,,,,97903,466
97904,STANDARD,DREWSEY,,,,,,,97904,467
97905,PO BOX ONLY,DURKEE,,,,WEATHERBY,,,97905,468
97906,STANDARD,HARPER,,,,,,,97906,469
97907,STANDARD,HUNTINGTON,,,,LIME,RYE VALLEY,,97907,470
97908,STANDARD,IRONSIDE,,,,,,,97908,471
97909,STANDARD,JAMIESON,,,,,,,97909,472
97910,STANDARD,JORDAN VALLEY,SOUTH MOUNTAIN,SO MTN,,BURNS JUNCTION,DANNER,ROME,97910,473
97911,STANDARD,JUNTURA,,,,BEULAH,JONESBORO,,97911,474
97913,STANDARD,NYSSA,,,,ARCADIA,OWYHEE CORNERS,,97913,475
97914,STANDARD,ONTARIO,,,,CAIRO,CLAUDE,,97914,476
97917,STANDARD,RIVERSIDE,,,,,,,97917,477
97918,STANDARD,VALE,,,,WILLOWCREEK,,,97918,478
97920,PO BOX ONLY,WESTFALL,,,,,,,97920,479
